prompt,output
"<|im_start|>system
You are a helpful AI Assistant that optimizes LLVM IR.
This is a single-turn interaction.
IMPORTANT: The primary objective is to MINIMIZE LATENCY while keeping the code complete, compilable, semantically equivalent to the input, and preserving all metadata.
Respond in the following format: 
<answer>
- complete optimized LLVM IR
</answer>
<|im_end|>
<|im_start|>user
; ModuleID = '<stdin>'
source_filename = ""-""
target datalayout = ""e-m:e-i8:8:32-i16:16:32-i64:64-i128:128-n32:64-S128""
target triple = ""aarch64-unknown-linux-gnu""

declare i32 @faki(...) #0

; Function Attrs: noinline nounwind uwtable
define dso_local i64 @bikoeff(i32 noundef %0, i32 noundef %1) #1 {
  %3 = alloca i32, align 4
  %4 = alloca i32, align 4
  store i32 %0, i32* %3, align 4
  store i32 %1, i32* %4, align 4
  %5 = load i32, i32* %4, align 4
  %6 = call i32 bitcast (i32 (...)* @faki to i32 (i32)*)(i32 noundef %5)
  %7 = load i32, i32* %3, align 4
  %8 = call i32 bitcast (i32 (...)* @faki to i32 (i32)*)(i32 noundef %7)
  %9 = sdiv i32 %6, %8
  %10 = load i32, i32* %4, align 4
  %11 = load i32, i32* %3, align 4
  %12 = sub nsw i32 %10, %11
  %13 = call i32 bitcast (i32 (...)* @faki to i32 (i32)*)(i32 noundef %12)
  %14 = mul nsw i32 %9, %13
  %15 = sext i32 %14 to i64
  ret i64 %15
}

attributes #0 = { ""frame-pointer""=""non-leaf"" ""no-trapping-math""=""true"" ""stack-protector-buffer-size""=""8"" ""target-cpu""=""generic"" ""target-features""=""+neon,+outline-atomics"" }
attributes #1 = { noinline nounwind uwtable ""frame-pointer""=""non-leaf"" ""min-legal-vector-width""=""0"" ""no-trapping-math""=""true"" ""stack-protector-buffer-size""=""8"" ""target-cpu""=""generic"" ""target-features""=""+neon,+outline-atomics"" }

!llvm.module.flags = !{!0, !1, !2, !3, !4, !5, !6, !7, !8}
!llvm.ident = !{!9}

!0 = !{i32 1, !""wchar_size"", i32 4}
!1 = !{i32 1, !""branch-target-enforcement"", i32 0}
!2 = !{i32 1, !""sign-return-address"", i32 0}
!3 = !{i32 1, !""sign-return-address-all"", i32 0}
!4 = !{i32 1, !""sign-return-address-with-bkey"", i32 0}
!5 = !{i32 7, !""PIC Level"", i32 2}
!6 = !{i32 7, !""PIE Level"", i32 2}
!7 = !{i32 7, !""uwtable"", i32 1}
!8 = !{i32 7, !""frame-pointer"", i32 1}
!9 = !{!""Ubuntu clang version 14.0.0-1ubuntu1.1""}
<|im_end|>
<|im_start|>assistant
","; ModuleID = '<stdin>'
source_filename = ""-""
target datalayout = ""e-m:e-i8:8:32-i16:16:32-i64:64-i128:128-n32:64-S128""
target triple = ""aarch64-unknown-linux-gnu""

declare i32 @faki(...) #0

; Function Attrs: noinline nounwind uwtable
define dso_local i64 @bikoeff(i32 noundef %0, i32 noundef %1) #1 {
  %3 = call i32 bitcast (i32 (...)* @faki to i32 (i32)*)(i32 noundef %1) #2
  %4 = call i32 bitcast (i32 (...)* @faki to i32 (i32)*)(i32 noundef %0) #2
  %5 = sdiv i32 %3, %4
  %6 = sub nsw i32 %1, %0
  %7 = call i32 bitcast (i32 (...)* @faki to i32 (i32)*)(i32 noundef %6) #2
  %8 = mul nsw i32 %5, %7
  %9 = sext i32 %8 to i64
  ret i64 %9
}

attributes #0 = { ""frame-pointer""=""non-leaf"" ""no-trapping-math""=""true"" ""stack-protector-buffer-size""=""8"" ""target-cpu""=""generic"" ""target-features""=""+neon,+outline-atomics"" }
attributes #1 = { noinline nounwind uwtable ""frame-pointer""=""non-leaf"" ""min-legal-vector-width""=""0"" ""no-trapping-math""=""true"" ""stack-protector-buffer-size""=""8"" ""target-cpu""=""generic"" ""target-features""=""+neon,+outline-atomics"" }
attributes #2 = { nounwind }

!llvm.module.flags = !{!0, !1, !2, !3, !4, !5, !6, !7, !8}
!llvm.ident = !{!9}

!0 = !{i32 1, !""wchar_size"", i32 4}
!1 = !{i32 1, !""branch-target-enforcement"", i32 0}
!2 = !{i32 1, !""sign-return-address"", i32 0}
!3 = !{i32 1, !""sign-return-address-all"", i32 0}
!4 = !{i32 1, !""sign-return-address-with-bkey"", i32 0}
!5 = !{i32 7, !""PIC Level"", i32 2}
!6 = !{i32 7, !""PIE Level"", i32 2}
!7 = !{i32 7, !""uwtable"", i32 1}
!8 = !{i32 7, !""frame-pointer"", i32 1}
!9 = !{!""Ubuntu clang version 14.0.0-1ubuntu1.1""}"
"<|im_start|>system
You are a helpful AI Assistant that optimizes LLVM IR.
This is a single-turn interaction.
IMPORTANT: The primary objective is to MINIMIZE LATENCY while keeping the code complete, compilable, semantically equivalent to the input, and preserving all metadata.
Respond in the following format: 
<answer>
- complete optimized LLVM IR
</answer>
<|im_end|>
<|im_start|>user
; ModuleID = '<stdin>'
source_filename = ""-""
target datalayout = ""e-m:e-i8:8:32-i16:16:32-i64:64-i128:128-n32:64-S128""
target triple = ""aarch64-unknown-linux-gnu""

; Function Attrs: noinline nounwind readonly uwtable willreturn
declare dso_local { float, float } @foo_float(i32 noundef) #0

; Function Attrs: noinline nounwind uwtable
define dso_local void @baz_float(float* noundef %0) #1 {
  %2 = alloca float*, align 8
  store float* %0, float** %2, align 8
  %3 = call { float, float } @foo_float(i32 noundef 5) #2
  %4 = extractvalue { float, float } %3, 0
  %5 = extractvalue { float, float } %3, 1
  %6 = load float*, float** %2, align 8
  store float %5, float* %6, align 4
  ret void
}

attributes #0 = { noinline nounwind readonly uwtable willreturn ""frame-pointer""=""non-leaf"" ""min-legal-vector-width""=""0"" ""no-trapping-math""=""true"" ""stack-protector-buffer-size""=""8"" ""target-cpu""=""generic"" ""target-features""=""+neon,+outline-atomics"" }
attributes #1 = { noinline nounwind uwtable ""frame-pointer""=""non-leaf"" ""min-legal-vector-width""=""0"" ""no-trapping-math""=""true"" ""stack-protector-buffer-size""=""8"" ""target-cpu""=""generic"" ""target-features""=""+neon,+outline-atomics"" }
attributes #2 = { nounwind readonly willreturn }

!llvm.module.flags = !{!0, !1, !2, !3, !4, !5, !6, !7, !8}
!llvm.ident = !{!9}

!0 = !{i32 1, !""wchar_size"", i32 4}
!1 = !{i32 1, !""branch-target-enforcement"", i32 0}
!2 = !{i32 1, !""sign-return-address"", i32 0}
!3 = !{i32 1, !""sign-return-address-all"", i32 0}
!4 = !{i32 1, !""sign-return-address-with-bkey"", i32 0}
!5 = !{i32 7, !""PIC Level"", i32 2}
!6 = !{i32 7, !""PIE Level"", i32 2}
!7 = !{i32 7, !""uwtable"", i32 1}
!8 = !{i32 7, !""frame-pointer"", i32 1}
!9 = !{!""Ubuntu clang version 14.0.0-1ubuntu1.1""}
<|im_end|>
<|im_start|>assistant
","; ModuleID = '<stdin>'
source_filename = ""-""
target datalayout = ""e-m:e-i8:8:32-i16:16:32-i64:64-i128:128-n32:64-S128""
target triple = ""aarch64-unknown-linux-gnu""

; Function Attrs: noinline nounwind readonly uwtable willreturn
declare dso_local { float, float } @foo_float(i32 noundef) #0

; Function Attrs: noinline nounwind uwtable
define dso_local void @baz_float(float* noundef %0) #1 {
  %2 = call { float, float } @foo_float(i32 noundef 5) #2
  %3 = extractvalue { float, float } %2, 1
  store float %3, float* %0, align 4
  ret void
}

attributes #0 = { noinline nounwind readonly uwtable willreturn ""frame-pointer""=""non-leaf"" ""min-legal-vector-width""=""0"" ""no-trapping-math""=""true"" ""stack-protector-buffer-size""=""8"" ""target-cpu""=""generic"" ""target-features""=""+neon,+outline-atomics"" }
attributes #1 = { noinline nounwind uwtable ""frame-pointer""=""non-leaf"" ""min-legal-vector-width""=""0"" ""no-trapping-math""=""true"" ""stack-protector-buffer-size""=""8"" ""target-cpu""=""generic"" ""target-features""=""+neon,+outline-atomics"" }
attributes #2 = { nounwind readonly willreturn }

!llvm.module.flags = !{!0, !1, !2, !3, !4, !5, !6, !7, !8}
!llvm.ident = !{!9}

!0 = !{i32 1, !""wchar_size"", i32 4}
!1 = !{i32 1, !""branch-target-enforcement"", i32 0}
!2 = !{i32 1, !""sign-return-address"", i32 0}
!3 = !{i32 1, !""sign-return-address-all"", i32 0}
!4 = !{i32 1, !""sign-return-address-with-bkey"", i32 0}
!5 = !{i32 7, !""PIC Level"", i32 2}
!6 = !{i32 7, !""PIE Level"", i32 2}
!7 = !{i32 7, !""uwtable"", i32 1}
!8 = !{i32 7, !""frame-pointer"", i32 1}
!9 = !{!""Ubuntu clang version 14.0.0-1ubuntu1.1""}

->"
"<|im_start|>system
You are a helpful AI Assistant that optimizes LLVM IR.
This is a single-turn interaction.
IMPORTANT: The primary objective is to MINIMIZE LATENCY while keeping the code complete, compilable, semantically equivalent to the input, and preserving all metadata.
Respond in the following format: 
<answer>
- complete optimized LLVM IR
</answer>
<|im_end|>
<|im_start|>user
; ModuleID = '<stdin>'
source_filename = ""-""
target datalayout = ""e-m:e-i8:8:32-i16:16:32-i64:64-i128:128-n32:64-S128""
target triple = ""aarch64-unknown-linux-gnu""

; Function Attrs: noinline nounwind uwtable
define dso_local i128 @foo17003(i128 noundef %0) #0 {
  %2 = alloca i128, align 16
  store i128 %0, i128* %2, align 16
  %3 = load i128, i128* %2, align 16
  %4 = udiv i128 %3, 7003
  ret i128 %4
}

attributes #0 = { noinline nounwind uwtable ""frame-pointer""=""non-leaf"" ""min-legal-vector-width""=""0"" ""no-trapping-math""=""true"" ""stack-protector-buffer-size""=""8"" ""target-cpu""=""generic"" ""target-features""=""+neon,+outline-atomics"" }

!llvm.module.flags = !{!0, !1, !2, !3, !4, !5, !6, !7, !8}
!llvm.ident = !{!9}

!0 = !{i32 1, !""wchar_size"", i32 4}
!1 = !{i32 1, !""branch-target-enforcement"", i32 0}
!2 = !{i32 1, !""sign-return-address"", i32 0}
!3 = !{i32 1, !""sign-return-address-all"", i32 0}
!4 = !{i32 1, !""sign-return-address-with-bkey"", i32 0}
!5 = !{i32 7, !""PIC Level"", i32 2}
!6 = !{i32 7, !""PIE Level"", i32 2}
!7 = !{i32 7, !""uwtable"", i32 1}
!8 = !{i32 7, !""frame-pointer"", i32 1}
!9 = !{!""Ubuntu clang version 14.0.0-1ubuntu1.1""}
<|im_end|>
<|im_start|>assistant
","; ModuleID = '<stdin>'
source_filename = ""-""
target datalayout = ""e-m:e-i8:8:32-i16:16:32-i64:64-i128:128-n32:64-S128""
target triple = ""aarch64-unknown-linux-gnu""

; Function Attrs: noinline nounwind uwtable
define dso_local i128 @foo17003(i128 noundef %0) #0 {
  %2 = udiv i128 %0, 7003
  ret i128 %2
}

attributes #0 = { noinline nounwind uwtable ""frame-pointer""=""non-leaf"" ""min-legal-vector-width""=""0"" ""no-trapping-math""=""true"" ""stack-protector-buffer-size""=""8"" ""target-cpu""=""generic"" ""target-features""=""+neon,+outline-atomics"" }

!llvm.module.flags = !{!0, !1, !2, !3, !4, !5, !6, !7, !8}
!llvm.ident = !{!9}

!0 = !{i32 1, !""wchar_size"", i32 4}
!1 = !{i32 1, !""branch-target-enforcement"", i32 0}
!2 = !{i32 1, !""sign-return-address"", i32 0}
!3 = !{i32 1, !""sign-return-address-all"", i32 0}
!4 = !{i32 1, !""sign-return-address-with-bkey"", i32 0}
!5 = !{i32 7, !""PIC Level"", i32 2}
!6 = !{i32 7, !""PIE Level"", i32 2}
!7 = !{i32 7, !""uwtable"", i32 1}
!8 = !{i32 7, !""frame-pointer"", i32 1}
!9 = !{!""Ubuntu clang version 14.0.0-1ubuntu1.1""}

answer
; ModuleID = '<stdin>'
source_filename = ""-""
target datalayout = ""e-m:e-i8:8:32-i16:16:32-i64:64-i128:128-n32:64-S128""
target triple = ""aarch64-unknown-linux-gnu""

; Function Attrs: noinline nounwind uwtable
define dso_local i128 @foo17003(i128 noundef %0) #0 {
  %2 = udiv i128 %0, 7003
  ret i128 %2
}

attributes #0 = { noinline nounwind uwtable ""frame-pointer""=""non-leaf"" ""min-legal-vector-width""=""0"" ""no-trapping-math""=""true"" ""stack-protector-buffer-size""=""8"" ""target-cpu""=""generic"" ""target-features""=""+neon,+outline-atomics"" }

!llvm.module.flags = !{!0, !1, !2, !3, !4, !5, !6, !7, !8}
!llvm.ident = !{!9}

!0 = !{i32 1, !""wchar_size"", i32 4}
!1 = !{i32 1, !""branch-target-enforcement"", i32 0}
!2 = !{i32 1, !""sign-return-address"", i32 0}
!3 = !{i32 1, !""sign-return-address-all"", i32 0}
!4 = !{i32 1, !""sign-return-address-with-bkey"", i32 0}
!5 = !{i32 7, !""PIC Level"", i32 2}
!6 = !{i32 7, !""PIE Level"", i32 2}
!7 = !{i32 7, !""uwtable"", i32 1}
!8 = !{i32 7, !""frame-pointer"", i32 1}
!9 = !{!""Ubuntu clang version 14.0.0-1ubuntu1.1""}

end_answer"
"<|im_start|>system
You are a helpful AI Assistant that optimizes LLVM IR.
This is a single-turn interaction.
IMPORTANT: The primary objective is to MINIMIZE LATENCY while keeping the code complete, compilable, semantically equivalent to the input, and preserving all metadata.
Respond in the following format: 
<answer>
- complete optimized LLVM IR
</answer>
<|im_end|>
<|im_start|>user
; ModuleID = '<stdin>'
source_filename = ""-""
target datalayout = ""e-m:e-i8:8:32-i16:16:32-i64:64-i128:128-n32:64-S128""
target triple = ""aarch64-unknown-linux-gnu""

; Function Attrs: noinline nounwind uwtable
define dso_local i64 @fll(i64 noundef %0, i64 noundef %1) #0 {
  %3 = alloca i64, align 8
  %4 = alloca i64, align 8
  store i64 %0, i64* %3, align 8
  store i64 %1, i64* %4, align 8
  %5 = load i64, i64* %3, align 8
  %6 = and i64 %5, -1048576
  %7 = load i64, i64* %4, align 8
  %8 = shl i64 %7, 0
  %9 = and i64 %8, 1048575
  %10 = or i64 %6, %9
  store i64 %10, i64* %3, align 8
  %11 = load i64, i64* %3, align 8
  ret i64 %11
}

attributes #0 = { noinline nounwind uwtable ""frame-pointer""=""non-leaf"" ""min-legal-vector-width""=""0"" ""no-trapping-math""=""true"" ""stack-protector-buffer-size""=""8"" ""target-cpu""=""generic"" ""target-features""=""+neon,+outline-atomics"" }

!llvm.module.flags = !{!0, !1, !2, !3, !4, !5, !6, !7, !8}
!llvm.ident = !{!9}

!0 = !{i32 1, !""wchar_size"", i32 4}
!1 = !{i32 1, !""branch-target-enforcement"", i32 0}
!2 = !{i32 1, !""sign-return-address"", i32 0}
!3 = !{i32 1, !""sign-return-address-all"", i32 0}
!4 = !{i32 1, !""sign-return-address-with-bkey"", i32 0}
!5 = !{i32 7, !""PIC Level"", i32 2}
!6 = !{i32 7, !""PIE Level"", i32 2}
!7 = !{i32 7, !""uwtable"", i32 1}
!8 = !{i32 7, !""frame-pointer"", i32 1}
!9 = !{!""Ubuntu clang version 14.0.0-1ubuntu1.1""}
<|im_end|>
<|im_start|>assistant
","; ModuleID = '<stdin>'
source_filename = ""-""
target datalayout = ""e-m:e-i8:8:32-i16:16:32-i64:64-i128:128-n32:64-S128""
target triple = ""aarch64-unknown-linux-gnu""

; Function Attrs: noinline nounwind uwtable
define dso_local i64 @fll(i64 noundef %0, i64 noundef %1) #0 {
  %3 = and i64 %0, -1048576
  %4 = shl i64 %1, 0
  %5 = and i64 %4, 1048575
  %6 = or i64 %3, %5
  ret i64 %6
}

attributes #0 = { noinline nounwind uwtable ""frame-pointer""=""non-leaf"" ""min-legal-vector-width""=""0"" ""no-trapping-math""=""true"" ""stack-protector-buffer-size""=""8"" ""target-cpu""=""generic"" ""target-features""=""+neon,+outline-atomics"" }

!llvm.module.flags = !{!0, !1, !2, !3, !4, !5, !6, !7, !8}
!llvm.ident = !{!9}

!0 = !{i32 1, !""wchar_size"", i32 4}
!1 = !{i32 1, !""branch-target-enforcement"", i32 0}
!2 = !{i32 1, !""sign-return-address"", i32 0}
!3 = !{i32 1, !""sign-return-address-all"", i32 0}
!4 = !{i32 1, !""sign-return-address-with-bkey"", i32 0}
!5 = !{i32 7, !""PIC Level"", i32 2}
!6 = !{i32 7, !""PIE Level"", i32 2}
!7 = !{i32 7, !""uwtable"", i32 1}
!8 = !{i32 7, !""frame-pointer"", i32 1}
!9 = !{!""Ubuntu clang version 14.0.0-1ubuntu1.1""}

answer
; ModuleID = '<stdin>'
source_filename = ""-""
target datalayout = ""e-m:e-i8:8:32-i16:16:32-i64:64-i128:128-n32:64-S128""
target triple = ""aarch64-unknown-linux-gnu""

; Function Attrs: noinline nounwind uwtable
define dso_local i64 @fll(i64 noundef %0, i64 noundef %1) #0 {
  %3 = and i64 %0, -1048576
  %4 = shl i64 %1, 0
  %5 = and i64 %4, 1048575
  %6 = or i64 %3, %5
  ret i64 %6
}

attributes #0 = { noinline nounwind uwtable ""frame-pointer""=""non-leaf"" ""min-legal-vector-width""=""0"" ""no-trapping-math""=""true"" ""stack-protector-buffer-size""=""8"" ""target-cpu""=""generic"" ""target-features""=""+neon,+outline-atomics"" }

!llvm.module.flags = !{!0, !1, !2, !3, !4, !5, !6, !7, !8}
!llvm.ident = !{!9}

!0 = !{i32 1, !""wchar_size"", i32 4}
!1 = !{i32 1, !""branch-target-enforcement"", i32 0}
!2 = !{i32 1, !""sign-return-address"", i32 0}
!3 = !{i32 1, !""sign-return-address-all"", i32 0}
!4 = !{i32 1, !""sign-return-address-with-bkey"", i32 0}
!5 = !{i32 7, !""PIC Level"", i32 2}
!6 = !{i32 7, !""PIE Level"", i32 2}
!7 = !{i32 7, !""uwtable"", i32 1}
!8 = !{i32 7, !""frame-pointer"", i32 1}
!9 = !{!""Ubuntu clang version 14.0.0-1ubuntu1.1""}

end answer"
